"taxon_name","sp_if_person_name","name","sp_notes","reason"
"Narindasaurus thevenini","Armand Thevenin","family","""French palaeontologist who was interested in the Jurassic dinosaurs of Madagascar at the beginning of the 20th century. He published the first elements of this sauropod in 1907""","contributions to paleontology/geology"
"Jinbeisaurus wangi","Suozhu Wang","family","""for his great contribution to the vertebrate paleontology of Shanxi Prov-ince, including organizingfield explorations and discovering manyMesozoic fossils of reptiles within the province.""","contributions to paleontology/geology"
"Falcatakely forsterae","Catherine A. Forster","family","""in recognition of Catherine A. Forster’s contributions to work on Madagascan paravians""","contributions to paleontology/geology"
"Schleitheimia schutzi","Emil Schutz (1916–1974)","family","""collector of the type material""","discoverer/preparator/field leader"
"Abitusavis lii","Mr Yuntong Li","family","""The name is in memory of the late Mr Yutong Li, a IVPP senior technician who dedicated his whole career to the preparation of many important non-avian dinosaur and bird fossils""","contributions to paleontology/geology"
"Overoraptor chimentoi","Roberto Nicolás Chimento","family","""The species name chimentoi honors its discoverer, the paleontologist Dr.Roberto Nicolás Chimento""","discoverer/preparator/field leader"
"Huinculsaurus montesi","Eduardo Montes","family","""the late Eduardo Montes,technician from the MCF, who made thefinal preparation of theholotype specimen and many others relevant specimens of the Vertebrate Paleontology collection of the Carmen Funes museum.""","discoverer/preparator/field leader"
"Thanatotheristes degrootorum","John De Groot; Sandra de Groot","family","is in honor of John and Sandra De Groot of Hays, Alberta, who discovered the holotype specimen and have been supportive of paleontological research in the area.""","discoverer/preparator/field leader"
"Stellasaurus ancellae","Carrie Ancell","family","The species name ancellae honours Museum of the Rockies field palaeontologist and fossil preparator Carrie Ancell, who discovered and prepared MOR 492, the holotype specimen of Stellasaurus ancellae, as well as the holotype of Achelousaurus horneri, and codiscovered the holotype of Einiosaurus procurvicornis, and whose decades of extraordinary fossil preparation have furthered vertebrate palaeontology beyond measure.","discoverer/preparator/field leader"
"Lusovenator santosi","José Joaquimdos Santos","family","amateur paleontologist who found the specimen","discoverer/preparator/field leader"
"Punatitan coughlini","Tim Coughlin","family","Born in UK but grew up and educated in Australia","contributions to paleontology/geology"
"Navajoceratops sullivani","Dr. Robert M. Sullivan","family","after Dr. Robert M. Sullivan, leader of the SMP expeditions to the San Juan Basin that recovered the holotype.","discoverer/preparator/field leader"
"Terminocavus sealeyi","Paul Sealey","family","sealeyi after Paul Sealey who discovered the holotype specimen.","discoverer/preparator/field leader"
"Kholumolumo ellenbergerorum","Paul and François Ellenberger","family","Francois (geologist) and Paul (paleontologist) were born to Swiss parents in what is now Zambia.","contributions to paleontology/geology"
"Abdarainurus barsboldi","R. Barsbold","family",NA,"contributions to paleontology/geology"
"Suskityrannus hazelae","Hazel Wolfe","first","The specific name is for Hazel Wolfe, whose tireless efforts, support and sacrifices made possible much of the success at the Moreno Hill fossil localities.","contributions to paleontology/geology"
"Pilmatueia faundezi","Ramón Faúndez","family","Manager of the Museo Municipal de Las Lajas","other important people"
"Oceanotitan dantasi","Pedro Dantas","family",NA,NA
"Wamweracaudia keranjei","Mohammadi Keranje","family","""The species name is in recognition of the efforts of Mohammadi Keranje, who supervised the excavation of the holotypic individual""","discoverer/preparator/field leader"
"Alcmonavis poeschli","Roland Pöschl","family","""The species name honours Roland Pöschl, who leads the excavations at the Schaudiberg and found the specimen.""","discoverer/preparator/field leader"
"Archaeopteryx albersdoerferi","Raimund Albersdörfer","family","""The specific name honours Raimund Albersdörfer who secured the specimen for science, and is the current owner of the Daiting specimen.""","other important people"
"Elektorornis chenguangi","Chen Guang","both","""The species name “chenguangi” is in honor of Chen Guang, a curator at the Hupoge Amber Museum.""","other important people"
"Convolosaurus marri","Dr. Ray H. Marr","family","The species name marri is in honor of Dr. Ray H. Marr who produced the Society of Vertebrate Paleontology videos “We are SVP” and “About the SVP Logo” posted on the SVP website (vertpaleo.org), and who is a strong proponent of students at Southern Methodist University (SMU).","other important people"
"Baalsaurus mansillai","Juan Eduardo Mansilla","family","""a technician at the Geology and Paleontology Museum of the National University of Comahue, Parque Natural Geo-Paleontológico Proyecto Dino, Barreales Lake, who discovered the material.""","discoverer/preparator/field leader"
"Laiyangosaurus youngi","Chungchien Young","family","""youngi, in commemoration of the 120th Anniversary of Dr. Chungchien Young’s Birth. Dr. Young is the pioneer of vertebrate paleontological research in Laiyang, and who has discovered many dinosaurs at this locality.""","contributions to paleontology/geology"
"Orienantius ritteri","Johann Wilhelm Ritter","family","""The species name ritteri honors Polish-born physicist Johann Wilhelm Ritter whose discovery of ultraviolet light has allowed visualization of the soft tissues that are extraordinarily well-preserved in these new fossils.""","contributions to paleontology/geology"
"Siamraptor suwati","Mr. Suwat Liptapanlop","first","in honour of Mr. Suwat Liptapanlop, who supports and promotes the work of the Northeastern Research Institute of Petrified Wood and Mineral Resources. NB first name","other important people"
"Gnathovorax cabreirai","Dr. Sérgio Furtado Cabreira","family","The specific epithet honours Dr. Sérgio Furtado Cabreira, the palaeontologist that found the specimen described here.","discoverer/preparator/field leader"
"Phuwiangvenator yaemniyomi","Sudham Yaemniyom","family","""former geologist of the Department of Mineral Resources, Bangkok, who found the first dinosaur bone of Thailand in 1976 at Phu Wiang Mountain.""","contributions to paleontology/geology"
"Anomalipes zhaoi","Xijin Zhao","family","Specific name is in honour of Xijin Zhao, a Chinese palaeontologist who has made great contributions to research on Zhucheng dinosaur fossils.","contributions to paleontology/geology"
"Xiyunykus pengi","Peng Xiling","family","""the specific name is in honor of Professor Peng Xiling, who has contributed greatly to the study of geology in Xinjiang""","contributions to paleontology/geology"
"Crittendenceratops krzyzanowskii","Stan Krzyzanowski","family","Discover / collector of the holotype","discoverer/preparator/field leader"
"Macrocollum itaquii","Mr. José Jerundino Machado Itaqui","family","For one of the contributors to the CAPPA/UFSM","other important people"
"Arkansaurus fridayi","Joe B. Friday","family","Land owner","other important people"
"Thanos simonattoi","Sérgio Simonatto","family","Discoverer of specimen","discoverer/preparator/field leader"
"Yizhousaurus sunae","Ai-Ling Sun","family","""The specific name is in honor of Professor Ai-Ling Sun, for her great contribution to Chinese vertebrate fossils, including those from Lufeng""","contributions to paleontology/geology"
"Weewarrasaurus pobeni","Mike Poben","family","In recognition of Mike Poben who acquired and donated the holotype.","other important people"
"Platypelta coombsi","Walter P. Coombs","family","The specific name honours Walter P. Coombs, Jr. for his pioneering work on ankylosaurs.","contributions to paleontology/geology"
"Yangavis confucii","Confucius",NA,"""The specific name is derived from Confucius, intended to show its close affinity with other confuciusornithids.""","famous person"
"Diluvicursor pickeringi","David A. Pickering","family","To acknowledge the significant contribution of David A. Pickering to Australian palaeontology and in memory of his passing during the production of this work.","contributions to paleontology/geology"
"Akainacephalus johnsoni","Randy Johnson","family","The specific epithet honors Randy Johnson, volunteer preparator at the Natural History Museum of Utah, who skillfully prepared the skull and lower jaws of UMNH VP 20202.","discoverer/preparator/field leader"
"Tratayenia rosalesi","Diego Rosales","family","Discoverer of specimen","discoverer/preparator/field leader"
"Mirarce eatoni","Dr. Jeffrey Eaton","family","The type species is named in honor of Dr. Jeffrey Eaton, for his decades of work contributing to our understanding of the Kaiparowits Formation and the fossils recovered from it.","contributions to paleontology/geology"
"Qiupanykus zhangi","Shuancheng Zhang","family","""The specific name is in honor of Shuancheng Zhang for his logistic support with fossil searching and excavations in the field.""","discoverer/preparator/field leader"
"Mansourasaurus shahinae","M. Shahin","family","‘shahinae’ honours M. Shahin for her contributions to the foundation of the Mansoura University Vertebrate Paleontology Center","contributions to paleontology/geology"
"Acantholipan gonzalezi","Arturo H. Gonzalez González","family","""gonzalezi = in honor of Arturo H. Gonzalez Gonza ´lez, for his outstanding support to Mexican paleontology.""","contributions to paleontology/geology"
"Choconsaurus baileywillisi","Bailey Willis","both","""he species name honours Bailey Willis (1857–1949), a North American geologist who explored the Argentinean Patagonia during the first decades of the 20th century. As a consultant of the National Government of Argentina, Willis carried out multiple productive projects for the Patagonian region, including the utilization of the Limay River for generation of hydraulic energy.""","other important people"
"Burianosaurus augustai","Josef Augusta","family","The name augustai refers to the prominent Czech palaeontologist and prolific science populariser Josef Augusta (1903–1968).","contributions to paleontology/geology"
"Saltriovenator zanellai","Angelo Zanella","family","Latin genitive dedicated to Angelo Zanella","discoverer/preparator/field leader"
"Xingxiulong chengi","Zheng-Wu Cheng","family","The specific name is dedicated to Prof. Zheng-Wu Cheng (1931–2015), for his lifetime contribution to Chinese terrestrial biostratigraphy, including the Lufeng Basin.","contributions to paleontology/geology"
"Jianianhualong tengi","Fangfang Teng","family","The specific name honors Ms Fangfang Teng, who secured the specimen for study.","other important people"
"Zhongjianosaurus yangi","Yang Zhongjian","family","""The genus name and specific epithet are in honor of Yang Zhongjian (C.C. Young), who is the founder of vertebrate paleontology in China""","contributions to paleontology/geology"
"Serikornis sungei","Sun Ge","both","""named in honour of Sun Ge, for his contribution to our knowledge of Jurassic and Cretaceous ecosystems in Asia""","contributions to paleontology/geology"
"Daspletosaurus horneri","Jack Horner","family","Horneri, Latinized form of Horner, in honor of Jack Horner, in recognition of his successful field program in the Two Medicine Formation that has recovered many new species of dinosaurs that are critical for our understanding of the palaeobiology of dinosaurs in Laramidia, support in the preparation and curation of these specimens, and to acknowledge that his mentoring efforts have launched many professional scientific careers.","contributions to paleontology/geology"
"Mierasaurus bobyoungi","Robert Young","both","The species name acknowledges the importance of the underappreciated research by Robert Young on the Early Cretaceous of Utah","contributions to paleontology/geology"
"Lucianovenator bonoi","Tulio del Bono","family","""The specific name honors Tulio del Bono, main authority of the Secretaría de Ciencia, Técnica e Innovación of the Government of San Juan, who is strongly collaborating and helping to develop our paleontology research in the San Juan Province.""","contributions to paleontology/geology"
"Zuoyunlong huangi","Wei-Long Huang","family","""The specific name ‘Huang’ is in honour of Mr Huang, Wei-Long, who excavated the first dinosaurs in Zuoyun County and even Shanxi Province in 1957.""","contributions to paleontology/geology"
"Tarchia teresae","Teresa Maryanska","first","""Named in honour of Teresa Maryanska in recognition of her work on Asian dinosaurs.""","contributions to paleontology/geology"
"Corythoraptor jacobsi","Prof. Louis L. Jacobs","family","specific name is in honor of Professor Louis L. Jacobs, who has contributed to dinosaur research and has given excellent mentoring to three authors (JLü, YL and YK) when they were Ph.D. students at Southern Methodist University, Dallas, Texas, USA.","contributions to paleontology/geology"
"Triunfosaurus leonardii","Guiseppe Leonardi","family","""In honor of the paleontologist Giuseppe Leonardi, which dedicated greater part of his life to the study of the reptile ichnofauna from the northeastern Brazil.""","contributions to paleontology/geology"
"Europatitan eastwoodi","Clint Eastwood","family","Dedicated to US actor Clint Eastwood, the protagonist of the film “The Good, the Bad and the Ugly,” which was partially filmed near Salas de los Infantes.","famous person"
"Galeamopus pabsti","Ben Pabst","family","""The species name “pabsti” honors the finder of the holotype specimen, Dr. Ben Pabst (born in Vienna, Austria, in January 26, 1949), who also created the skull reconstruction and led the repreparation of the specimen and its mount at SMA. Pabst has led several paleontological excavations in Switzerland and the USA, and is highly skilled in fossil preparation and skeleton mounting.""","discoverer/preparator/field leader"
"Junornis houi","Dr. Hou Lianhai","family","The species name, houi honors Dr. Hou Lianhai and his important contributions to Chinese paleornithology.","contributions to paleontology/geology"
"Borealopelta markmitchelli","Mark Mitchell","both","""The specific epithet markmitchelli honors Mark Mitchell for his more than 7,000 hours of patient and skilled preparation of the holotype.""","discoverer/preparator/field leader"
"Liaoningvenator curriei","Phil Currie","family","For his research on small theropods","contributions to paleontology/geology"
"Latenivenatrix mcmasterae","Lynne van der Reest","family","""The specific epithet honours the late mother of the first author, Lynne (McMaster) van der Reest.""","family"
"Halszkaraptor escuilliei","François Escuillié","family","The specific name escuilliei refers to François Escuillié, who returned the poached holotype to Mongolia.","other important people"
"Tengrisaurus starkovi","Alexey Starkov","family","""For his generous assistance and contribution to the study of Early Cretaceous vertebrates of Transbaikalia""","contributions to paleontology/geology"
"Lohuecotitan pandafilandi","Pandafilando","family","Fictional character in Don Quixote - the giant against which the hero must fight.",NA
"Gryposaurus alsatei","Alsate",NA,"The specific name is an homage to Alsate, the legendary renegade last chief of the Chisos Apaches (Miles, 1976), and alludes to this hadrosaur being the last known to inhabit Texas prior to the terminal Cretaceous extinction event.","other important people"
"Buriolestes schultzi","Cesar Schultz","family","Brazilian palaeontologist at UFRGS",NA
"Gualicho shinyae","Ms. Akiko Shinya","family","The specific name honors Ms. Akiko Shinya, Chief Fossil Preparator at the Field Museum, for her many contributions to paleontology including discovery of the holotype of Gualicho on February 13th, 2007","other important people"
"Sarmientosaurus musacchioi","Dr. Eduardo Musacchio","family","The specific name honors the late Dr. Eduardo Musacchio, a model scientist and educator at the Universidad Nacional de la Patagonia San Juan Bosco in Comodoro Rivadavia, Argentina.","other important people"
"Wiehenvenator albati","Friedrich Albat","family","The species epithet honours Friedrich Albat, who found the holotype specimen.","discoverer/preparator/field leader"
"Chongmingia zhengi","Zheng Xiaoting","family","""in honour of Mr. Xiaoting Zheng for his generous contribution in the establishment of the Shandong Tianyu Museum of Nature"" - director of the museum","other important people"
"Taurovenator violantei","Enzo Violante","family","Owner of the land on which the specimen was found","other important people"
"Hesperornis lumgairi","David Lumgair","family","""after David Lumgair of Thornhill, Manitoba, who is the landowner of the holotype locality""","other important people"
"Gastonia lorriemcwhinneyae","Lorrie McWhinney","both","Named for Lorrie McWhinney who found the bone bed in 1999","discoverer/preparator/field leader"
"Notocolossus gonzalezparejasi","Dr. Jorge González Parejas","family","Species name honours Dr. Jorge González Parejas, who has collaborated and provided legal guidance on the research, protection and preservation of dinosaur fossils from Mendoza Province for nearly two decades. In so doing, he has advised researchers on the creation of a natural park that serves to protect dinosaur footprints in Mendoza.","contributions to paleontology/geology"
"Mosaiceratops azumai","Dr. Yoichi Azuma","family","The specific name honors Dr. Yoichi Azuma from Fukui Prefectural Dinosaur Museum, who co-organized and participated in several dinosaur expeditions in China. One of those expeditions led to the discovery of the basal neoceratopsian Archaeoceratops","contributions to paleontology/geology"
"Saurornitholestes sullivani","Robert M. Sullivan","family","The species name honours Robert M. Sullivan who discovered the holotype specimen, and whose work in the late Cretaceous of the San Juan Basin, New Mexico, has been instrumental in furthering knowledge of this key region for understanding the late Cretaceous of north America","discoverer/preparator/field leader"
"Dakotaraptor steini","Walter W. Stein","family","The specific name honors paleontologist Walter W. Stein",NA
"Juehuaornis zhangi","Zhang Dayong","family","Curator","other important people"
"Holbotia ponomarenkoi","Alexander G. Ponomarenko","family","In honour of palaeoentomologist Alexander G. Ponomarenko, who found the holotype in 1977.","discoverer/preparator/field leader"
"Archaeornithura meemannae","Dr Meemann Chang","first","The specific name is in honour of Dr Meemann Chang for her continuous support of the study of the Jehol Biota.","other important people"
"Dunhuangia cuii","Mr. Cui Guihai",NA,"The specific name is dedicated to Mr. Cui Guihai, who has prepared many exquisite fossil birds from the Changma Basin.","contributions to paleontology/geology"
"Kunbarrasaurus ieversi","Mr Ian Ievers","family","The species name honours Mr Ian Ievers, discoverer of the holotype.","discoverer/preparator/field leader"
"Morelladon beltrani","Víctor Beltrán","family","The specific name is for Víctor Beltrán, for his involvement and collaboration in the localization of the different fossil sites at the Mas de la Parreta Quarry.","contributions to paleontology/geology"
"Zhenyuanlong suni","Mr. Zhenyuan Sun","family","The generic and specific names are in honor of Mr. Zhenyuan Sun, who secured the specimen for study.","other important people"
"Chilesaurus diegosuarezi","Diego Suárez","family","In reference to Chile, and honoring Diego Suárez, who at the age of 7, discovered the first bone remains in the Toqui Formation.","other important people"
"Probrachylophosaurus bergei","Sam Berge","family","Species name bergei in memory of Sam Berge, co-owner of the land where the specimen was discovered, and friend and relative of many members of the Rudyard, Montana community, who have supported paleontologic research for decades. Pronunciation: berg-ee-i","other important people"
"Regaliceratops peterhewsi","Peter Hews","both","The species epithet honors Peter Hews, who discovered the holotype","discoverer/preparator/field leader"
"Eopengornis martini","Larry Martin","family","the species name is in honour of the late Larry Martin for his numerous contributions to the field of palaeornithology","contributions to paleontology/geology"
"Tianyuornis cheni","Prof. Chen Piji","family","in honour of Prof. Chen Piji for his great contribution to chinese geology and genereous support and development of the STM","contributions to paleontology/geology"
"Adelolophus hutchisoni","Howard Hutchison","family","""Discoverer of the type specimen and longtime proponent of southern Utah vertebrate paleontology""","discoverer/preparator/field leader"
"Allosaurus lucasi",NA,NA,NA,NA
"Fosterovenator churei","Daniel Chure","family","In recognition of his contributions to the study of the vertebrate fauna of the Morrison Formation","contributions to paleontology/geology"
"Oohkotokia horneri","John R. Horner (Jack Horner)","family","""for his work on dinosaurs from Montana""","contributions to paleontology/geology"
"Longusunguis kurochkini","Evgeny Kurochkin","family","""an eminent paleornithologist who advanced our understanding about fossil birds""","contributions to paleontology/geology"
"Parabohaiornis martini","Larry D. Martin","family","""a paleontologist who made great contributions to the study of the evolution of birds during the course of his life"".","contributions to paleontology/geology"
"Trigonoolithus amoae","Olga Amo-Sanjuan","family","After the late Olga Amo-Sanjuan, pioneer in the study of the Lower Cretaceous eggshell in the Iberian Range and sadly deceased.","contributions to paleontology/geology"
"Anzu wyliei","Mr. Wylie J. Tuttle","first","The species name is for Mr. Wylie J. Tuttle, grandson of Mr. and Mrs. Lee B. Foster, in recognition of Mr. and Mrs. Foster's generous support of the scientific research and collections activities at Carnegie Museum of Natural History.","funder"
"Yongjinglong datangi","Mr. Zhi-Lu Tang","family","The specific name “datangi” refers to the Tang dynasty and also honors Mr. Zhi-Lu Tang from the Institute of Vertebrate Paleontology and Paleoanthropology, Beijing for his numerous contributions to the research of dinosaurs.","contributions to paleontology/geology"
"Dreadnoughtus schrani","Adam Schran","family","Species name honours the American entrepreneur Adam Schran for his support of this research.","funder"
"Vahiny depereti","Charles Depéret","family","The specific name honors Charles Dep´ eret, who described the original dinosaur material from Madagascar and presciently recognized the sauropod nature of the Malagasy osteoderms.","contributions to paleontology/geology"
"Changyuraptor yangi","Professor Yang Yandong","family","The species name honours Professor Yang Yandong, Chairman of the Bohai University (Liaoning Province, China), who provided the financial support to acquire the specimen.","funder"
"Gansus zheni","Dr. Zhen Shuonan","family","The specific name zheni honors Dr. Zhen Shuonan, for his paleontological legacy to the Beijing Museum of Natural History.","contributions to paleontology/geology"
"Torvosaurus gurneyi","James Gurney","family","In honor of the paleoartist James Gurney, creator of the utopic world of Dinotopia.","other important people"
"Quetecsaurus rusconii","Carlos Rusconi (1898-1969)","family","Rusconii, in honor of Carlos Rusconi (1898-1969), a naturalist who worked extensively in Mendoza Province and was Director of the Museum of Natural Sciences “Juan Cornelio Moyano”.","contributions to paleontology/geology"
"Nanuqsaurus hoglundi","Forrest Hoglund","family","named in recognition of Forrest Hoglund for his career in earth sciences and his philanthropic efforts in furthering cultural institutions.","contributions to paleontology/geology"
"Zhouornis hani","Mr. Lizhuo Han","family","The specific name hani honors the holotype’s collector,Mr. Lizhuo Han.","discoverer/preparator/field leader"
"Changmaornis houi","Professor Lian-Hai Hou","family","The specific name is in honor of Professor Lian-Hai Hou, who named Gansus yumenensis.","other important people"
"Jiuquanornis niui","Professor Shao-Wu Niu","family","The specific name is dedicated to Professor Shao-Wu Niu, for his contribution to geological research in the Changma Basin.","contributions to paleontology/geology"
"Yumenornis huangi","Mr. Zhao-Chu Huang","family","The specific name is dedicated to Mr. Zhao-Chu Huang of the Institute of Vertebrate Paleontology and Paleoanthropology (IVPP) for his long-lasting support to several generations of IVPP staff.",NA
"Xinghaiornis lini","Mr. Lin Zheihong",NA,"for his contribution towards this study",NA
"Yanornis guozhangi","Mr. Li Guozhang",NA,"the species name ""Guozhang"" is dedicated to Mr. Li Guozhang, the collector of the specimen. For his donation of the specimen to the Dalian Xinghai Paleontological Fossil Museum.","other important people"
"Piscivoravis lii","Mr Li Yutong",NA,"the species name is dedicated to Mr Li Yutong (IVPP), who patiently prepared many important fossil birds and feathered dinosaurs.","contributions to paleontology/geology"
"Nyasasaurus parringtoni","Francis Rex Parrington","family","in honour of Francis Rex Parrington, collector of the holotype.","other important people"
"Nasutoceratops titusi","Alan Titus","family","honouring Alan Titus, palaeontologist at Grand Staircase-Escalante National Monument, for his exemplary efforts assisting palaeontological fieldwork in the Monument.","contributions to paleontology/geology"
"Undulatoolithus pengi","Peng Anbao",NA,"The oospecific epithet honors the late Peng Anbao, chief curator of the Pingxiang Museum, who collected and protected the dinosaur eggs from the Pingxiang Basin","other important people"
"Aurornis xui","Xu Xing",NA,"xui, in honour of Xu Xing, for his exceptional and continuing contribution to our understanding of the evolution and biology of feathered dinosaurs.","contributions to paleontology/geology"
"Astrophocaudia slaughteri","Dr Robert H. Slaughter",NA,"The specific name honours Dr Robert H. Slaughter, who excavated the specimen in the 1960s.","discoverer/preparator/field leader"
"Katepensaurus goicoecheai","Mr. Alejandro Goicoecheai",NA,"Species in honor of Mr. Alejandro Goicoecheai, owner of the Estancia Laguna Palacios where the specimen was found, who has allowed the UNPSJB team and their collaborators to conduct field research there for nearly two decades","other important people"
"Siats meekerorum","Meeker family",NA,"meekerorum, honouring the Meeker family for their endowment in support of early career palaeontologists at the Field Museum.","funder"
"Aorun zhaoi","Professor Zhao Xi-jin",NA,"In honour of Professor Zhao Xi-jin, who led several important vertebrate palaeontological expeditions to the Junggar Basin and introduced XX, CAF and JMC to the field area.","contributions to paleontology/geology"
"Normanniasaurus genceyi","Mr. Pierre Gencey",NA,"species dedicated to the discoverer, Mr. Pierre Gencey","discoverer/preparator/field leader"
"Tataouinea hannibalis","Hannibal Barca",NA,"The species name refers to Hannibal Barca (247-183 BC), Carthaginian military commander who marched an army including war elephants across Southern Europe","famous person"
"Kaatedocus siberi","Hans-Jakob ‘Kirby’ Siber",NA,"‘Siberi’ is after Hans-Jakob ‘Kirby’ Siber, b. 1942, doctor honoris causa of the University of Zurich, Switzerland. Siber is the founder and director of the Sauriermuseum Aathal, Switzerland, and organized and funded the excavation, preparation and curation of the holotype specimen of Kaatedocus siberi.","funder"
"Gobipipus reshetovi","Dr. Valery Reshetov",NA,"The specific name is given in memory of Dr. Valery Reshetov—former leader of the MongolianRussian expedition team, who discovered the specimens.","contributions to paleontology/geology"
"Acrotholus audeti","Roy Audet",NA,"The specific epithet honours Roy Audet, for allowing access to his ranch where the holotype skull was found.","other important people"
"Augustynolophus morrisi","William Morris",NA,"Original describer of the material","discoverer/preparator/field leader"
"Philovenator curriei","Dr. Phillip J. Currie",NA,"The name honours Dr.Phillip J. (""Phil"") Currie for his contributions to the study of maniraptorian dinosaurs, including the initial description of IVPP V 10597. The genus name also recalls the combining form of the Greek xxxxxx (philein), ""to love"", and the Latin venator, ""hunter"", suggesting a lover of the hunt.","contributions to paleontology/geology"
"Schizooura lii","Mr Li Yutong",NA,"The preparator of this specimen and many other birds and feathered dinosaurs","discoverer/preparator/field leader"
"Lapampasaurus cholinoi","José Cholino",NA,"cholinoi, en reconocimiento a José Cholino, por alertar sobre la existencia del material y apoyar su divulgación científica","discoverer/preparator/field leader"
"Ningyuansaurus wangi","Wang Qiuwu",NA,"discoverer of the specimen","discoverer/preparator/field leader"
"Yurgovuchia doellingi","Helmut Doelling",NA,"The species name honors Helmut Doelling in recognition of his 50-plus years of geological research and mapping of Utah for the Utah Geological Survey. The Doelling’s Bowl dinosaur sites were first discovered as a result of his providing taped-together color photocopies of his then-unpublished geological maps of the Arches National Park region","contributions to paleontology/geology"
"Kundurosaurus nagornyi","V.A. Nagorny",NA,"V.A. Nagorny (Far Eastern Institute of Mineral Resources, FEB RAS), who discovered the Kundur locality.","discoverer/preparator/field leader"
"Batyrosaurus rozhdestvenskyi","A. N. Rozhdestvensky",NA,"the famour Russian palseontologist for his works on Middle Asia Iguanadon","contributions to paleontology/geology"
"Elaltitan lilloi","Miguel Lillo",NA,"Specific name in honor of Miguel Lillo, for his contribution and legacy to natural sciences in Tucumán","contributions to paleontology/geology"
"Sciurumimus albersdoerferi","Raimund Albersdörfer",NA,"The species epithet honors Raimund Albersdörfer, who made the specimen available for study","other important people"
"Gryphoceratops morrisoni","Ian Morrison",NA,"The species epithet honors Ian Morrison, in recognition of his expert preparation of the holotype jaw and his contributions to vertebrate paleontology while working for the Royal Ontario Museum.","discoverer/preparator/field leader"
"Unescoceratops koppelhusae","Eva B. Koppelhus",NA,"The species epithet honors Eva B. Koppelhus, in order to recognize her contributions to vertebrate paleontology and palynology","contributions to paleontology/geology"
"Shengjingornis yangi","Mr. Yang Qiang",NA,"dedicated to the fossil preperator","discoverer/preparator/field leader"
"Brodavis baileyi","Bruce Bailey",NA,"For Bruce Bailey who discovered the holotype.","discoverer/preparator/field leader"
"Comahuesaurus windhauseni","Anselmo Windhausen",NA,"The specific name honours Anselmo Windhausen for his contribution to the geological knowledge of the Neuque´n basin.","contributions to paleontology/geology"
"Gideonmantellia amosanjuanae","Olga María Amo Sanjuan",NA,"dedicated to Olga María Amo Sanjuan, a fellow ofthe Department of Palaeontology atthe University of Zaragoza who was doing her thesis on eggshell fragments of vertebrates from the Lower Cretaceous of Galve when she died prematurely in October 2002.","other important people"
"Microraptor hanqingi","Marshall Zhang Xueliang",NA,"In honor of the late Marshall Zhang Xueliang who was the founder, president, and later Honorary President of Northeastern University, China; Hanqing is his alternate name.","other important people"
"Camarillasaurus cirugedae","Pedro Cirugeda Buj",NA,"The species name cirugedae comes from the surname of the person, who found the bones, Pedro Cirugeda Buj.","discoverer/preparator/field leader"
"Mochlodon vorosi","Dr. Attila Vörös",NA,"In honour of Dr. Attila Vörös, palaeontologist and full member of the Hungarian Academy of Sciences who founded the Paleontological Research Group of the Hungarian Academy of Sciences.","contributions to paleontology/geology"
"Linhevenator tani","Prof. Tan Lin",NA,"the specific name honors Prof. Tan Lin for his contributions to the field of vertebrate paleontology in Inner Mongolia.","contributions to paleontology/geology"
"Xiaotingia zhengi","Zheng Xiaoting",NA,"The name is in honour of Zheng Xiaoting for his efforts in establishing the Shandong Tianyu Museum of Nature as a repository for vertebrate fossils from China.","other important people"
"Teratophoneus curriei","Dr. Philip Currie",NA,"the species is named in honor of Dr. Philip Currie, in recognition of his scientific contributions to the knowledge of theropod osteology and systematics.","contributions to paleontology/geology"
"Acristavus gagslarsoni","Russell Ellsworth Larson",NA,"gagslarsoni from Gags Larson, nickname of landowner Russell Ellsworth Larson, on whose property the specimen was discovered.","other important people"
"Omeisaurus jiaoi","Jiao Zheng",NA,"Leader of the expedition from the Zigong Dinosaur Museum","discoverer/preparator/field leader"
"Pampadromaeus barberenai","Mário C. Barberena",NA,"The specific epithet honors the Brazilian palaeontologist Mário C. Barberena.","other important people"
"Qiliania graffini","Dr Gregory Graffin",NA,"In honour of Dr Gregory Graffin, lecturer at the University of California, Los Angeles and co-founder of the musical group Bad Religion, for his contributions to evolutionary biology, his public outreach through music, and his inspiration to young scientists around the world.","contributions to paleontology/geology"
"Eodromaeus murphi","not stated",NA,"murphi; in allusion to its early age, slender axial and appendicular proportions, and the Earthwatch volunteer who discovered the holotypic specimen","discoverer/preparator/field leader"
"Epichirostenotes curriei","Philip J. Currie",NA,"The species honors Philip J. Currie for his scholarly work concerning Late Cretaceous theropod dinosaurs.","contributions to paleontology/geology"
"Ojoraptorsaurus boerei","Arjan C. Boere",NA,"The species name honors Arjan C. Boere, who discovered and collected the specimen in 2002.","discoverer/preparator/field leader"
"Veterupristisaurus milneri","Angela C. Milner",NA,"Species  name  honours  Angela C. Milner, for her  many  contributions  to  vertebrate  palaeontology,  including numerous works on theropod dinosaurs","contributions to paleontology/geology"
"Ratchasimasaurus suranareae","Thao Suranaree",NA,"comes from the heroine Thao Suranaree who saved the city of Nakhon Ratchasima from the rebel army in the 19th Century","famous person"
"Narambuenatitan palomoi","Salvador Palomo",NA,"In reference to Salvador Palomo, technician of the Museo Municipal “Argentino Urquiza”, Rincón de los Sauces, Neuquén, who found the specimen, and in acknowledgment of his permanent contribution to the local paleontology.","discoverer/preparator/field leader"
"Talos sampsoni","Scott D. Sampson",NA,"The specific epithet honors Scott D. Sampson, architect of the Kaiparowits Basin Project.","other important people"
"Tapuiasaurus macedoi","Ubirajara Alves Macedo",NA,"The specific name honors Ubirajara Alves Macedo, who first discovered the deposits near Coração de Jesus.","discoverer/preparator/field leader"
"Xuwulong yueluni","Prof. Yue-lun Wang",NA,"a pioneer geologist who dedicated his career to the Gansu geological Survey, and established the foundations to the Gansu geological Museum","contributions to paleontology/geology"
"Demandasaurus darwini","Charles Darwin",NA,"British naturalist",NA
"Nambalia roychowdhurii","Dr Roy Chowdhuri",NA,"""The specific name is in honour of Dr Roy Chowdhuri, for his outstanding research on the Triassic vertebrate faunas of India""","contributions to paleontology/geology"
"Mystiornis cyrili","Cyril Walker",NA,"This species is dedicated to Cyril Walker. Slim-legged, from leptos (Gr.) – slim, and kolon (Gr.) – leg . Cyril Walker was the curator of fossil birds at the NHM in London","other important people"
"Siamodon nimngami","Withaya Nimngam",NA,"Mr Withaya Nimngam donated the specimens","other important people"
"Bohaiornis guoi","Mr. Guo Chen",NA,"The species name guoi is in honor of Mr. Guo Chen, who collected the holotype specimen.",NA
"Zhongjianornis yangi","Professor Zhongjian Yang",NA,"""father of Chinese vertebrate paleontology and founder of the IVPP""","contributions to paleontology/geology"
"Xixianykus zhangi","Prof. Zhang Wentang",NA,"""specific name is in honor of Prof. Zhang Wentang, who has contributed greatly to the study of paleontology in Henan Province""","contributions to paleontology/geology"
"Shenqiornis mengi","Meng Qingjin",NA,"The species name is in honor of Meng Qingjin for his contribution to the study and protection of Liaoxi fossils as former Director of the Dalian Natural History Museum","other important people"
"Xixiposaurus suni","Prof. Sun Ge",NA,"Professor at Jilin University","other important people"
"Bistahieversor sealeyi","Paul Sealey",NA,"Research associate at the NMMNH at the time, discoverer of the holotype","discoverer/preparator/field leader"
"Kosmoceratops richardsoni","Scott Richardson",NA,"The specific name honors Scott Richardson, who discovered the holotype and many other significant fossils from GSENM.","discoverer/preparator/field leader"
"Utahceratops gettyi","Mike Getty",NA,"The species name honors Mike Getty, who discovered the holotype and who has played a pivotal role in the recovery of fossils from GSENM.","discoverer/preparator/field leader"
"Flexomornis howei","Kris Howe",NA,"""howei in recognition of Kris Howe, the local fossil enthusiast who brought the site and its vertebrate fossils to our attention.""","discoverer/preparator/field leader"
"Ojoceratops fowleri","Denver Fowler",NA,"Discoverer of specimen, at the time a PhD student","discoverer/preparator/field leader"
"Kayentavenator elysiae","Elysia Jennett",NA,"""who has been both exceedingly helpful and supporting to the author during this research and others""",NA
"Blasisaurus canudoi","Dr. Jose ´Ignacio Canudo",NA,"In honour of the palaeontologist Dr. Jose ´IgnacioCanudo, one of the leaders of the Grupo Aragosaurus–IUCA(Zaragoza)","other important people"
"Sanjuansaurus gordilloi","Raul Gordilloi",NA,"""gordilloi, in honor of Raul Gordillo, head fossil preparator and artist in the laboratory of the San Juan Museum and team member during many years of excavation.""","other important people"
"Chromogisaurus novasi","Dr. Fernando Novas",NA,"The specific name is in honour of Dr. Fernando Novas, for his outstanding research on early dinosaur evolution.","contributions to paleontology/geology"
"Austrocheirus isasii","Mr. Marcelo Isasi",NA,"The specific name is in honor of Mr. Marcelo Isasi, for his outstanding work in the last 25 years as a technician in palaeontology and discoverer of the holotype specimen of Austrocheirus","discoverer/preparator/field leader"
"Camptodontornis yangi",NA,NA,NA,NA
"Tonganosaurus hei","He Xinlu",NA,"The specific name, hei, refers to He Xinlu, who spent a lifetime in dinosaur research.","contributions to paleontology/geology"
"Zuolong salleei","Hilmar Sallee",NA,"Hilmar Sallee, whose bequest partially funded excavations at Wucaiwan","funder"
"Liubangosaurus hei","He Wenjian",NA,"""The specific name is dedicated to He Wenjian, who first reported the fossil site to us""","discoverer/preparator/field leader"
"Longicrusavis houi","Lianhai Hou",NA,"honors Lianhai Hou in recognition of his contri-bution to avian paleontology of the Jehol Group","contributions to paleontology/geology"
"Seitaad ruessi","Everett Ruess",NA,"In honor of the young artist, poet, naturalist, and explorer Everett Ruess (1914–1934?), who mysteriously disappeared in 1934 while exploring southern Utah.",NA
"Diabloceratops eatoni","Jeffery G Eaton",NA,"A paleontologist at Weber State University, Utah, and for his role in establishing the Grand Staircase Escalante National Monument","other important people"
"Bauxitornis mindszentyae","Andrea Mindszenty",NA,"Attila Osi's professor and advisor in recognition of her work on the Iharkut Research Program","contributions to paleontology/geology"
"Ignavusaurus rachelis","Raquel López-Antoñanzas",NA,"In honour of the paleontologist Raquel López-Antoñanzas from the National Museum of Natural Sciences in Madrid (CSIC). The name Raquel comes from the Hebrew <U+05E8><U+05B8><U+05D7><U+05B5><U+05DC> (ewe); its most common Latin form (Rachel) is a noun of the third declension, hence the genitive ending in ‘-is’.","other important people"
"Triprismatoolithus stephensi","Robert E 'Short' Stephens",NA,"of Augusta, Montana. No explanation given, but he is acknowledged in the paper for access to land and specimens.","other important people"
"Prismatoolithus hirschi","Karl Hirsch",NA,"""for his many contributions to the study of fossil eggs, particularly from the Two Medicine Formation of Montana""","contributions to paleontology/geology"
"Abydosaurus mcintoshi","Jack McIntosh",NA,"For his contributions to Dinosaur National Monument and to the study of sauropod dinosaurs","contributions to paleontology/geology"
"Pneumatoraptor fodori","Géza Fodor",NA,"""who provided a generous support during the early stages of the Iharkut field works""","funder"
"Ajkaceratops kozmai","Károly Kozma",NA,"The species is named in honour of Károly Kozma, a geologist who lives in Ajka.","other important people"
"Aardonyx celestae","Celeste Yates",NA,"""who prepared many of the bones""","contributions to paleontology/geology"
"Confuciusornis feducciai","Professor Alan Feduccia",NA,"The species name is dedicated to Professor Alan Feduccia of the University of North Carolina at Chapel Hill for his contribution to the study of the origin and evolution of birds.","contributions to paleontology/geology"
"Tianyuraptor ostromi","John Ostrom",NA,"The specific name is in honour of John Ostrom, who contributed greatly to the study of dromaeosaurid fossils.","contributions to paleontology/geology"
"Anchiornis huxleyi","T. H. Huxley",NA,"who pioneered research into avian research","contributions to paleontology/geology"
"Arenysaurus ardevoli","Lluis Ardèvol",NA,"""the geologist who discovered the Blasi sites""","discoverer/preparator/field leader"
"Tianyulong confuciusi","Confucius",NA,"the specific name is dedicated to Confucius, the founder of Confucianism.","famous person"
"Tawa hallae","Ruth Hall",NA,"after Ruth Hall, who collected many of the specimens that formed the genesis of the Ghost Ranch Ruth Hall Museum of Paleontology (GR) collections","other important people"
"Diamantinasaurus matildae","Banjo Patterson",NA,"For Matilda, in reference to “Waltzing Matilda”, one of Australia's National songs, written by Banjo Patterson in Winton (“Matilda Country”) in 1895.",NA
"Wintonotitan wattsi","Keith Watts",NA,"For Keith Watts, who discovered the type specimen and donated it to the Queensland Museum in 1974.","discoverer/preparator/field leader"
"Owenodon hoggii","AJ Hogg",NA,"Collector of the fossil","other important people"
"Massospondylus kaalae","Sheena Kaal",NA,"Collections manager for Karoo vertebrates at the Iziko South African Museum","other important people"
"Raptorex kriegsteini","Roman Kriegstein",NA,"after Roman Kriegstein, in whose honor the specimen was secured for scientific study. Roman Kriegstein was a holocaust survivor from Poland who emigrated to the US, and his son donated the fossil.",NA
"Hesperonychus elizabethae","Dr. Elizabeth Nicholls",NA,"The specific epithet elizabethae honors the late Dr. Elizabeth Nicholls, who discovered the holotype.",NA
"Barrosasaurus casamiquelai","Rodolfo Casamiquela",NA,"In honor of the late Rodolfo Casamiquela (1932–2008) for his important contributions to the development of Argentinean Earth Sciences.",NA
"Nothronychus graffami",NA,NA,"In honour of M. Graffam who discovered the holotype.",NA
"Angulomastacator daviesi","Kyle L. Davies",NA,"For Kyle L. Davies, first to suggest the presence of a lambeosaurine in the Aguja Formation, in recognition of his significant contribution to the study of the hadrosaurs of Big Bend, and in gratitude for his generous assistance to both authors in their work.",NA
"Qiaowanlong kangxii","Kangxi",NA,"specific name is after ‘Kangxi’, a famous emperor of the Qing Dynasty, who once had a dream of the scenic beauty of the Qiaowan area",NA
"Rapaxavis pani","Pan Lijun",NA,"The species name pani is in honor of the specimen’s discover, Mr. Pan Lijun. There is also a parallel in the species name with the Greek god Pan who, according to some traditions, is synonymous with Silvanus, the Roman god of the woods. The ecosystem of the Jehol Group is interpreted as a series of lakes in a forested region.",NA
"Elbretornis bonapartei","Jose Bonaparte",NA,NA,NA
"Martinavis whetstonei","K.H. Whetstone",NA,NA,NA
"Malarguesaurus florenciae","Florencia Fernández Favarón",NA,"In honor of Florencia Fernández Favarón, who collaborated in our field work for years, and found the first fossil remains of this species",NA
"Pengornis houi","Lianhai Hou",NA,"‘houi’ is in honours of Lianhai Hou, a pioneering palaeo-ornithologist.",NA
"Eoconfuciusornis zhengi","Zheng Guangmei",NA,"the species name “zhengi” is dedicated to the distinguished Chinese ornithologist Zheng Guangmei",NA
"Juratyrant langhami","Peter Langham",NA,"The collector of the specimen",NA
"Pachyrhinosaurus lakustai","Perot family",NA,"In recognition of members of the Perot family (Margot and H. Ross Perot and their children)",NA
"Wulagasaurus dongi","Dong Zhi-Ming",NA,NA,NA
"Velociraptor osmolskae","Halszka Osmo´lska",NA,NA,NA
"Uberabatitan ribeiroi","Luiz Carlos Borges Riberio",NA,"In honour of Luiz Carlos Borges Ribeiro, director of the Centro de Pesquisas Paleontolo´ gicas Lewellyn Price, for his consistent support of palaeontological research in Minas Gerais State",NA
"Pitekunsaurus macayai","Luis Macaya",NA,"Oil company explorer who found the specimen",NA
"Tastavinsaurus sanzi","José Luiz Sanz",NA,"In honor of Professor Jose´ Luis Sanz, Madrid, for his studies of Spanish dinosaurs.",NA
"Skorpiovenator bustingorryi","Manuel Bustingorry",NA,"The specific name honours the late Manuel Bustingorry, owner of the farm where the specimen was excavated.",NA
"Epidexipteryx hui","Yaoming Hu",NA,"hui, in honour of the late young palaeontologist Yaoming Hu, who contributed significantly to the study of Mesozoic mammals from China",NA
"Orkoraptor burkei","Coleman Burke",NA,"Burkei, in honour to Coleman Burke, an American amateur geologist and paleontologist, who loves Patagonia and kindly supported our explorations in Argentina.",NA
"Austroraptor cabazai","Héctor Cabaza",NA,"in honour to the late Héctor Cabaza, founder of the Museo Municipal de Lamarque.",NA
"Zhongornis haoae","Ms. Hao",NA,"haoae honours Ms. Hao, who kindly donated the specimen to the Dalian Natural History Museum",NA
"Dongbeititan dongi","Dong Zhiming",NA,"“Dong”: in honor of Prof. DONG Zhiming has contributed greatly to research and education on Chinese dinosaurs.",NA
"Glacialisaurus hammeri","Dr. William R. Hammer",NA,"In honor of Dr. William R. Hammer (Augustana College, Rock Island, USA), for his contributions to vertebrate paleontology and Antarctic research.",NA
"Albertaceratops nesmoi","Cecil Nesmo",NA,"A patronym in honor of Cecil Nesmo, a rancher from southern Alberta, whose assistance and hospitality has facilitated the collection of many important paleontological specimens, including the holotype of Albertaceratops n. gen.",NA
"Elsornis keni","Mr Ken Hayashibara",NA,"in honour of Mr Ken Hayashibara, the President of the Hayashibara Company, who supported the fieldwork",NA
"Australodocus bohetii","Boheti bin Amrani",NA,"After Boheti bin Amrani, the native African crew supervisor and chief preparator of the German Tendaguru Expedition, whose excellent work was essential for the success of the European researchers (Janensch 1914b).",NA
"Theiophytalia kerri","James Hutchison Kerr",NA,"After James Hutchison Kerr, who discovered the specimen.",NA
"Muyelensaurus pecheni","Ana María Pechen",NA,"Dr. Pechen was the head of the National University of Comahue",NA
"Yunnanosaurus youngi","Professor Young C. C",NA,"The specific name is in honor of Professor Young C. C., a distinguished paleontologist who was the first to study the dinosaurs from the Lufeng Basin and erected the family Yunnanosauridae in 1942.",NA
"Baptornis varneri","Daniel Varner",NA,"Named for Daniel Varner, who found the specimen, and for his notable contributions to paleontology in the form of artistic renderings of extinct vertebrates.",NA
"Cedrorestes crichtoni","Michael Crichton",NA,"The species name honors Michael Crichton for promoting the public's interest in dinosaurs through his Jurassic Park novels",NA
"Martinavis vincei","M. Vince",NA,"""who helped to collect the original El Brete material and who was responsible for much of its preparation""",NA
"Cerasinops hodgskissi","Wilson Hodgskiss",NA,"The species name refers to Wilson Hodgskiss, on whose property the specimen was discovered.",NA
"Achillesaurus manazzonei","Prof. Rafael Manazzone",NA,"in honor to Prof. Rafael Manazzone, an amateur paleontologist who provided valuable data about Patagonian fossil localities, and assisted to several paleontological field trips.",NA
"Dalingheornis liweii","Yang Liwei",NA,"The species name is dedicated to Yang Liwei, China's first astronaut.",NA
"Xuanhuaceratops niei","Nie Rongzhen",NA,"the species name honors Nie Rongzhen who kindly provided the authors with the specimen.",NA
"Yinlong downsi","Mr Will Downs",NA,"the specific name is in memory of Mr Will Downs, who joined many palaeontological expeditions in China including the one with us in 2003, shortly before his death.",NA
"Juravenator starki","Stark Family",NA,"The species name, starki, honours the family Stark, owner of the Quarry Stark.",NA
"Alaskacephale gangloffi","Roland Gangloff",NA,NA,NA
"Adamantisaurus mezzalirai","Dr Se´rgio Mezzalira",NA,"In honour of Dr Se´rgio Mezzalira, the researcher who collected and first mentioned the remains in the literature.",NA
"Aniksosaurus darwini","Charles Darwin",NA,"In honor of the great naturalist Charles Darwin, who visited Patagonia in 1832- 1833, inspiring him to reach clearer interpretations of the evolution of life that changed human thought forever.",NA
"Mapusaurus roseae","Rose Letwin",NA,"The term “roseae” refers to the rosecolored rocks that surround the site where Mapusaurus n. gen. was found, and to Rose Letwin (Seattle) who sponsored the expeditions in 1999, 2000 and 2001.",NA
"Europasaurus holgeri","Holger Lüdtke",NA,"holgeri after Holger Lüdtke, who discovered the first bones.",NA
"Balochisaurus malkani","Malkani",NA,"Think he named it afterhimself as there is no etmology",NA
"Zapalasaurus bonapartei","Dr. J. Bonaparte",NA,"en homenaje al Dr. J. Bonaparte, quien colectó el material holotípico, y en reconocimiento a su trayectoria profesional, y al importante trabajo realizado con vertebrados esozoicos",NA
"Antarctopelta oliveroi","Eduardo Olivero",NA,"Species named for Eduardo Olivero, an outstanding Argentine geologist and paleontologist specializing in Antarctica, who discovered the holotype.",NA
"Fusuisaurus zhaoi","Professor Zhao Xijin",NA,"The specific name is dedicated to Professor Zhao Xijin for his contribution to the dinosaur research in Guangxi.",NA
"Ligabuesaurus leanzai","Dr. He´ctor Leanza",NA,"In honour of Dr. He´ctor Leanza, geopaleontologist, colleague and friend, who informed us about the palaeontological riches of Cerro Leo´n, Picu´n Leufu´, Neuque´n Province.",NA
"Erketu ellisoni","Mick Ellison",NA,"of Mick Ellison, for his contributions to ongoing AMNH dinosaur research",NA
"Allosaurus jimmadseni","James Madsen",NA,"in recognition of his outstanding contributions to our knowledge of Allosaurus through his herculean efforts of protecting, excavating, preparing, and curating of many thousands of Allosaurus bones from the Cleveland-Lloyd Dinosaur",NA
"Daanosaurus zhangi","General Zhang Aiping",NA,"the species name is dedicated to General Zhang Aiping, the former Minister of National Defense, To commemorate his special contribution to the protection of the Dashanpu dinosaur fossil group and the establishment of the Zigong Dinosaur Museum.",NA
"Penelopognathus weishampeli","D.B. Weishampel",NA,"weishampeli, baptisé en l’honneur de D.B. Weishampel",NA
"Condorraptor currumili","Hipo´lito Currumi",NA,"In honour of Hipo´lito Currumil, the landowner and discoverer of the locality.",NA
"Brachytrachelopan mesai","Daniel Mesa",NA,"The species name, mesai, honours Daniel Mesa and his family, who found the specimen.",NA
"Coronosaurus brinkmani","Donald Brinkman",NA,"For Donald Brinkman, in honour of his research illuminating the palaeoecology of the Late Cretaceous environments of Alberta.",NA
"Tanycolagreus topwilsoni","George ""Top"" Wilson,",NA,"Named for George ""Top"" Wilson, retired, United States Marine Corps.",NA
"Galvesaurus herreroi","José  MaríaHerrero",NA,"Dedicated  to  José  MaríaHerrero, who discovered the first remains of Galvesaurus.",NA
"Puertasaurus reuili","Santiago Reuil",NA,"In honor to Pablo Puerta and Santiago Reuil, remarkable fossil-hunters who discovered and prepared the specimen.",NA
"Karongasaurus gittelmani","Steve Gittelman",NA,"In honor of Steve Gittelman, friend of science, for his work as president of the Dinosaur Society.",NA
"Archaeodontosaurus descouensi","Dr Didier Descouens",NA,"pecies name in honour of Dr Didier Descouens (Toulouse), thanks to whom the specimen could be acquired by the Toulouse Natural History Museum and was made available for scientific description.",NA
"Reticuloolithus hirschi","Dr. Karl F. Hirsch",NA,NA,NA
"Trigonosaurus pricei","Llewellyn Ivor Price",NA,"the specific name is given in honor of Llewellyn Ivor Price, a very important vertebrate paleontologist, whose birth day centenary is celebrated in 2005. L.I. Price collected this and several other specimens and inspired the authors of this paper, some of which had the pleasure to work with him (DAC and RJB).",NA
"Baurutitan britoi","Ignacio Aureliano Machado Brito",NA,"The specific name is given in honor of Ignacio Aureliano Machado Brito (1938-2001), an important Brazilian paleontologist, who advised several students including two authors of  this paper (DAC and AWAK).",NA
"Hungarosaurus tormai","András Torma",NA,"""after my friend András Torma with whom the locality was discovered.""",NA
"Dracovenator regenti","Regent 'Lucas' Huma",NA,"""honours the late Regent ‘Lucas’ Huma, Prof. Kitching’s long-term field assistant and friend.""",NA
"Kerberosaurus manakini","Colonel Manakin",NA,"""Named in honor of the Russian Colonel Manakin, pioneer of the palaeontological research in the Amur Region, who first obtained dinosaur bones from the banks of the Amur River.
""",NA
"Bonitasaura salgadoi","Leonardo Salgado,",NA,"salgadoi, honors Leonardo Salgado, the Argentinian paleontologist who gave new perspectives to sauropod research.",NA
"Atrociraptor marshalli","Wayne Marshell",NA,NA,NA
"Marisaurus jeffi","Dr Jeff A Wilson",NA,"For verifying the ideas of the author",NA
"Sulaimanisaurus gingerichi","Prof Philip D Gingerich",NA,"For verifying the ideas of the author",NA
"Longirostravis hani","Mr. Han",NA,"hani is in honor of its discoverer, Mr. Han.",NA
"Unaysaurus tolentinoi","Mr. Tolentino Flores Marafiga",NA,"The specific name, tolentinoi, honours Mr. Tolentino Flores Marafiga (Água Negra locality, São Martinho da Serra city, Rio Grande do Sul state), who discovered the specimen.",NA
"Unenlagia paynemili","Maximino Paynemil",NA,"– In honor to Maximino Paynemil, the chief of the Paynemil Indian community that lives in the region of Loma de La Lata, where the Futalognko site is situated.",NA
"Ekrixinatosaurus novasi","Dr. Fernando Novas",NA,"""for his important contributions to the study of abelisaurid theropods""",NA
"Nemegtomaia barsboldi","Dr. R. Barsbold",NA,"The species is named in honor of Dr. R. Barsbold, the Mongolian vertebrate paleontologist, one of the leaders of the Mongolian Highland International Dinosaur Project.",NA
"Suuwassea emilieae","Emilie deHellebranth",NA,"""In honor of the late Emilie deHellebranth, paleontology advocate who generously funded the expeditions in 1999–2000 that recovered the specimen",NA
"Iaceornis marshi","O. C. Marsh",NA,"The name ‘‘marshi’’ is latinized ‘‘Marsh’’ for O. C. Marsh, who originally described the holotype specimen (Marsh, 1880).",NA
"Protodictyoolithus jiangi","Yuan Kai Jiang",NA,"Oospecies name is dedicated to the late paleontologist Yuan2Kai Jiang , one of the pioneers in the study of Chinese dinosaur eggs.",NA
"Borealosaurus wimani","Carl Wiman",NA,"Named the first Chinese dinosaur in 1929",NA
"Aberratiodontus wui","Prof. Wu Qicheng",NA,"""devoted to the paleontological research of Liaoning Province""",NA
"Bonatitan reigi","Dr Osvaldo Reig",NA,NA,NA
"Sinornithomimus dongi","Professor Zhi-Ming Dong",NA,"Named after Professor Zhi-Ming Dong, who discovered these skeletons and made great contributions to the Mongol Highland International Dinosaur Project.",NA
"Microraptor gui","Gu Zhiwei",NA,"The specific name is in honour of Gu Zhiwei, a distinguished palaeontologist who contributed greatly to the study of Jehol biota.",NA
"Ferganasaurus verzilini","Prof. Nikita N. Verzilin",NA,"found the specimen in 1966",NA
"Serendipaceratops arthurcclarkei","Arthur C Clarke",NA,"""who inspired both of us in our youth with his writings and who in his youth was lured into science by dinosaurs""",NA
"Sphaerotholus buchholtzae","Emily A. Buchholtz",NA,"er Emily A. Buchholtz, for her extensive contributions to pachycephalosaurian research.",NA
"Sphaerotholus goodwini","Mark Goodwin",NA,"Mark Goodwin for his contributions to  the study of pachycephalosaurians",NA
"Heyuannia huangi","Dong Huang",NA,"Huang refers to Dong Huang, the  director of Heyuan Museum, who made great contributions in  the excavation and preservation of these fossils.",NA
"Shuangmiaosaurus gilmorei","C. W. Gilmore",NA,"In honor of C. W. Gilmore for his  pioneering work on the Chinese hadrosauroid dinosaur Bactrosaurus in 1933.",NA
"Magnirostris dodsoni","Professor Peter Dodson",NA,"Specific epithet for Professor Peter Dodson for his contribution to the study of homed dinosaurs",NA
"Equijubus normani","Dr David B. Norman",NA,"In honor of Dr David B. Norman for his work on ornithopod dinosaurs.",NA
"Zupaysaurus rougieri","Dr. Guillermo Rougier",NA,"in acknowledgment of Dr. Guillermo Rougier, under whose direction the specimen was found and collected",NA
"Eocathayornis walkeri","C. A. Walker",NA,"C. A. Walker, who first published and recognized the significance of the Enantiornithes",NA
"Crichtonsaurus bohlini","Dr. B. Bohlin",NA,"The specific name is dedicated to Dr. B. Bohlin , a well2known Swedish collector of vertebrate fossil including several ankylosaurs along the Silk Road , Northwestern China.",NA
"Incisivosaurus gauthieri","Jacques Gaulthier",NA,"the specific name is in honour of J. Gauthier for his contributions to theropod systematics.",NA
"Sinovenator changii","Meeman Chang",NA,"The specific name honours Meeman Chang of the IVPP for her significant role in the study of the Jehol fauna.",NA
"Polarornis gregorii","Dr Joseph Tracy Gregory",NA,"For his contributions to vertebrate paleontology",NA
"Aucasaurus garridoi","Mr. Alberto Garrido",NA,"discovered the holotype",NA
"Anabisetia saldiviai","Mr. Roberto Saldivia",NA,"dedicated to Mr. Roberto Saldivia who found the first remains and kindly helped in field work",NA
"Halimornis thompsoni","Mrs. W. Thompson",NA,"She was the landloard and supported fossil collections on her land",NA
"Bissektipelta archibaldi","Prof. J. David Archibald",NA,"In honour of Prof. J. David Archibald (San Diego State University, San Diego, USA), the leader of the URBAC project.",NA
"Yanornis martini","Larry D. Martin",NA,"the species name is dedicated to Larry D. Martin for his contribution to the study of Meosozoic birds",NA
"Yixianornis grabaui","Amadeus William Grabau",NA,"the species name is dedicated to late American geologist Amadeus William Grabau, a pioneering geologist in Liaoning, for his contribution to the study of the Jehol Biota",NA
"Eshanosaurus deguchiianus","Hikaru Deguchiianus",NA,"specific name is in honor of Hikaru Deguchiianus, who gave encourage",NA
"Jinzhousaurus yangi","Yang Zhongjian (C. C. Young)",NA,"the species name is in horner of Yang Zhongjian who is the founder of the vertebrate paleontology in China",NA
"Neimongosaurus yangi","Yang Zhongjian (C. C. Young)",NA,"yangi , in memory of the founder of vertebrate paleontology in China , Yang Zhongjian (C. C. Young)",NA
"Aletopelta coombsi","Walter P. Coombs",NA,NA,NA
"Eotyrannus lengi","Mr Gavin Leng",NA,"discovered the fossil",NA
"Masiakasaurus knopfleri","Mark Knopfler",NA,"knopfleri (after singer/songwriter Mark Knopfler, whose music inspired expedition crews).",NA
"Draconyx loureiroi","Jogo de Loureiro (1717 - 1791)",NA,"loureiroi, after Jogo de Loureiro (1717 - 1791), portuguese jesuit, pioneer in Palaeontology in Portugal, also an excellent botanist, astronomer and medical doctor, well-known for his Flora Cochinchinensis"" (he spent a large part of his life in Southeast Asia).orizon: Late Juras",NA
"Hesperosaurus mjosi","Ronald G. Mjos",NA,"For Ronald G. Mjos (""mus""), who was responsible for collecting and preparing the specimen and for mounting a cast of the holotype skeleton.",NA
"Rapetosaurus krausei","David W. Krause",NA,"Specific name for David W. Krause, in recognition of his contributions to palaeontology in Madagascar.",NA
"Citipati osmolskae","Halska Osmolska",NA,"to honor Halska Osm?lska for her work on oviraptorids and other Mongolian theropod dinosaurs.",NA
"Khaan mckennai","Malcolm McKenna",NA,"Malcolm McKenna, in recognition of his passionate interest in and efforts towards the exploration for fossils in Cretaceous deposits of Mongolia.",NA
"Nothronychus mckinleyi","Bobby McKinley",NA,"Bobby McKinley for his support of this research.",NA
"Paralititan stromeri","Ernst Stromer",NA,"in honor of Ernst Stromer",NA
"Potamornis skutchi","Dr. Alexander E Skutch",NA,"In honor of Dr. Alexander E Skutch, an eminent ornithologist, in recognition of his respect for birds' lives.",NA
"Caudipteryx dongi","Zhiming Dong",NA,NA,NA
"Microraptor zhaoianus","Zhao Xijin",NA,"the specific name is in honour of Zhao Xijin, a distinguished dinosaurologist who introduced the first author to the field of vertebrate paleontology.",NA
"Nanyangosaurus zhugeii","Zhuge Liang",NA,"if the species name follows botanical rules then it suggests the person was female",NA
"Macroelongatoolithus zhangi","Prof. Zhang Yun",NA,"a m e d a f t e r P r o f e s s o r Z h a n g Y u n , t h e l a t e Pa le o n t o lo g is t i n eB iji n g U n iv e r s it y",NA
"Byronosaurus jaffei","Byron Jaffe",NA,"In recognition of his family's support for the MAS-AMNH Expeditions",NA
"Rocasaurus muniozi","Juan Carlos Muñoz",NA,"Dedicated to Sr. Juan Carlos Muñoz, the responsible person of the MPCA-Pv, for his permanent support to the paleontological research in the area",NA
"Prismatoolithus caboti",NA,NA,"no etymology, the name Cabot is the surname of one of the authors",NA
"Isanosaurus attavipachi","P. Attavipach",NA,"Specific name in honour of P. Attavipach, former Director General of the Thai Department of Mineral Ressources, a long-time supporter of palaeontological research.",NA
"Chaoyangsaurus youngi","C.C. Young",NA,"founder of Chinese vertebrate paleontology",NA
"Cedarosaurus weiskopfae","Carol Weiskopf",NA,"""for her hard work in the field and lab""",NA
"Tangvayosaurus hoffeti","Josue-Heilmann Hoffet",NA,"Hoffet was a surveyor of French Indochina in 1936 when he discovered the material.",NA
"Nigersaurus taqueti","Philippe Taquet",NA,"Named after the country of origin and after French paleontologist Philippe Taquet, whose expeditions (1965–72) initiated large-scale paleontological exploration in Niger.",NA
"Confuciusornis dui","Wenya Du",NA,"The species name is dedicated to Mr. Wenya Du, who collected and donated the specimen to the Institute of Vertebrate Paleontology and Paleoanthropology (IVPP) for scientific research.",NA
"Eoenantiornis buhleri","Paul Büchler",NA,"for the late Paul Büchler",NA
"Animantarx ramaljonesi","Ramal Jones",NA,"Named for Ramal Jones who discovered the specimen using a modified scintillometer in an area with no bones exposed (see Jones and Burge, 1995).",NA
"Lirainosaurus astibiae","Dr. Humberto Astibia",NA,"devoted to her research at the outxrop",NA
"Spongioolithus hirschi","Karl Hirsch",NA,"originally German",NA
"Prismatoolithus jenseni","James Jensen",NA,"he found the eggs",NA
"Gurilynia nessovi","Lev Nessov",NA,"Russian palaentologist",NA
"Gondwanatitan faustoi","Dr. Fausto L. de Souza Cunha",NA,"he worked at the museum and prepared and collecter the type speicmen",NA
"Sonorasaurus thompsoni","Richard Thompson",NA,"For Richard Thompson of Tiicson, Arizona, discoverer of specimen",NA
"Tianzhenosaurus youngi","C.C. Young",NA,"founder of vertebrat epaleontology in China, an dmarked his 100th birthday",NA
"Caudipteryx zoui","Zou Jiahua",NA,"refers to Zou Jiahua, vice-premier of China and an avid supporter of the scientific work in Liaoning.",NA
"Lourinhanosaurus antunesi","Prof. Miguel Telles Antunes",NA,"antunesi after Prof. Miguel Telles Antunes, Portuguese palaeontologist.",NA
"Protohadros byrdi","Gary Byrd",NA,"Discoverer of the specimen",NA
"Gastonia burgei","Donald L. Burge",NA,"Museum director",NA
"Eolambia caroljonesa","Carol Jones",NA,"Discovered the site",NA
"Nedcolbertia justinhoffmanni","Justin Hofmann",NA,"named for this boy from New Jersey",NA
"Histriasaurus boscarollii",NA,NA,NA,NA
"Zuniceratops christopheri","Christopher James Wolfe",NA,"Is it his son? They say this person discovered the site",NA
"Altirhinus kurzanovi","Dr Sergei M. Kurzanov",NA,"For the collector of this new species, Dr Sergei M. Kurzanov of the Palaeontology Institute of the Russian Academy of Sciences, Moscow, who is renowned for his collecting prowess, and for his work on a wide variety of Mongolian fossil vertebrates.",NA
"Rahonavis ostromi","Dr. John H. Ostrom",NA,"in honor of Dr. John H. Ostrom",NA
"Enantiornis martini",NA,NA,NA,NA
"Enantiornis walkeri",NA,NA,NA,NA
"Abavornis bonaparti",NA,NA,NA,NA
"Explorornis nessovi",NA,NA,NA,NA
"Incolornis silvae",NA,NA,NA,NA
"Pasquiaornis hardiei","Dickson Hardie",NA,"afterDicksonHardieofArborfield,Saskatchewan,whodonatedhiscollectionfromthetypelocal-ity,whichincludedsomeofthebirdspecimens",NA
"Pasquiaornis tankei","Darren Tanke",NA,"afterDarrenTankeofDrumheller,AB,the  firstauthor's  firstteacherofpaleontologyandgoodfriend",NA
"Isisaurus colberti","Prof. Edwin H. Colbert",NA,"foremost exponent of dinosaurs",NA
"Confuciusornis suniae","Ms Sun",NA,"""The wife of the private collector, Mr Shikuan Liang [...] in dedication of her virtuous character.""",NA
"Tenontosaurus dossi","James Doss",NA,"""Named for James Doss who together with his wife Dorothy donated the specimen""",NA
"Pawpawsaurus campbelli","Mr. Cameron Campbell",NA,"The species is named in honor of Mr. Cameron Campbell, who found the specimen",NA
"Pellegrinisaurus powelli","Jamie E. Powell",NA,NA,NA
"Bagaraatan ostromi","Dr. John Ostrom",NA,"No explanation given, but Ostrom is a notable dinosaur worker",NA
"Irritator challengeri","Professor Challenger",NA,"Fictional hero of Conan Doyle's Lost World",NA
"Boluochia zhengi","Prof. Zheng Zuoxin",NA,"Pof. Zheng Zuoxin, who is the doyen of Chinese Ornithology",NA
"Chindesaurus bryansmalli","Bryan Small",NA,"named for the collector from the UCMP party",NA
"Giganotosaurus carolinii","Ruben D. Carolini",NA,"he found the specimen",NA
"Limaysaurus tessonei","Mr.Lieto Tessone",NA,"he found the fossil",NA
"Gettyia gloriae","Gloria Siebrecht",NA,"Discoverer of the specimen",NA
"Megaloolithus mohabeyi","Dr D.M. Mohabey",NA,"Prominent palaeontologist in the Geological Survey of India",NA
"Cryolophosaurus ellioti","David Elliot",NA,"David Elliot discovered the fossil. He was from the UK and at the age of about 30 moved to the US to take a job at OSU",NA
"Achelousaurus horneri","John R. Horner",NA,"After John R. Horner, in honor  of his innovative research on the dinosaurs of the Two Medicine Formation, Montana",NA
"Sinraptor dongi","Dong Zhiming",NA,"The specific name dongi honours Dong Zhiming.",NA
"Otogornis genghisi","Genghis",NA,"Named for Genghis Khan, the first emporer of the Yuan Dynasty in China",NA
"Mymoorapelta maysi","Chris Mays",NA,"founder of the Dinamation International Society, who funded the research",NA
"Patagonykus puertai","Pablo F. Puerta",NA,"He discovered the fossil and works at the museum, but no etymology was actually included",NA
"Sinornithoides youngi","Chung-Chien Young (Yang Zhong Jian)",NA,"the species name is in memory of Chung-Chien Young (Yang Zhong Jian) for the number and breadth of his contributions to our understanding of the fossil reptiles of China",NA
"Naashoibitosaurus ostromi","John Ostrom",NA,NA,NA
"Anasazisaurus horneri","Jack Horner",NA,NA,NA
"Agilisaurus louderbacki","Dr. George D. Louderback",NA,"The species epithet is in honor of the late U.S. geologist Dr. George D. Louderback, the first scientist to discover dinosaur fossils in the Sichuan Basin in 1915",NA
"Shixingoolithus erbeni","H.K. Erben",NA,"after H.K. Erben who promoted cooperation between hinese and German scientists and his contributions to the *Wood project*",NA
"Amargasaurus cazaui","Dr. Luis B. Cazau",NA,NA,NA
"Laevisoolithus sochavai","A. V. Sochava",NA,"in honour of the Soviet paleontologist, A. V. Sochava, who was the first to classify fossil eggshells from the Cretaceous of Mongolia.",NA
"Andesaurus delgadoi","Alejandro Delgao",NA,"Discoverer of the material",NA
"Bellusaurus sui","Su Youling Jianzhi",NA,"This person repaired dinosaur fossils and this was the last fossil he repaired",NA
"Yimenosaurus youngi","Yang Zhongjian",NA,"Dinosaur palaeontologist commonly known as CC Young",NA
"Richardoestesia gilmorei","G. W. Gilmore",NA,"In honour of G. W. Gilmore who first described this specimen in 1924.",NA
"Galeamopus hayi",NA,NA,NA,NA
"Coelophysis kayentakatae",NA,NA,"Named in honor of Dr. Kathleen (""Kayenta Kay"") Smith, who discovered the type specimen and many other important fossils during the Kayenta expedition",NA
"Abrosaurus dongpoensis","Su Shi (1037-1101).",NA,"Species nomenclature Dongpo is the stylized name of the distinguished Northern Sung Dynasty literary scholar from Sichuan named Sushi (1037-1101).",NA
"Noguerornis gonzalezi","De González Redondo",NA,"De González Redondo, quien descubrió el fósil.",NA
"Haplocanthosaurus delfsi","Edwin Delfs",NA,"no etymology, but Edwin Delfs a Biology undergraduate (Yale) major led the excavations.",NA
"Orodromeus makelai","Robert Makela",NA,"""for his many dinosaur discoveries including the holotype""",NA
"Camarasaurus lewisi","Mr. Arnold D. Lewis",NA,"Specific name lewisi, honoring Mr. Arnold D. Lewis, stout Earth Sciences Museum. companion of the trail, who patiently trained me in laboratory and field work.",NA
"Bruhathkayosaurus matleyi","Charles Alfred Matley",NA,"Geologist with substantial amount of fieldwork in India",NA
"Xenotarsosaurus bonapartei","Dr Jose Fernando Bonaparte",NA,"""Eminent studier of Mesozoic vertebrates""",NA
"Baryonyx walkeri","William Walker",NA,"Discoverer of the first material, the claw",NA
"Blikanasaurus cromptoni","Dr. A.W. Crompton",NA,"""of Harvard University [...] in recognition of his research on fossil vertebrates from South Africa""",NA
"Avisaurus archibaldi","J. David Archibald",NA,"Species after J. David Archibald, its discoverer.",NA
"Carnotaurus sastrei","Angel Sastre",NA,"Owner of the ranch on which the fossil was found",NA
"Supersaurus vivianae","Vivian Jones",NA,"Co-discoverer of all the important Late Jurassic fossil localities on the Uncompahgre Upwarp",NA
"Ilerdopteryx viai",NA,NA,NA,NA
"Parahesperornis alexi","late Alexander Wetmor",NA,"alexi for the late Alexander  Wetmore, a former University of Kansas student and the most distinguished avian paleontologist of his time",NA
"Shunosaurus lii","Bing Li",NA,"Pinyin romanization for the surname Li, in commemoration of the hydrologist Bing Li, the magistrate who governed what is now Sichuan Province (256-251 BC) for the state of Qin during the Warring States Period. He was particularly celebrated for his flood control measures along the Minjiang River which included the construction of the famed Dujiang dike and irrigation system that are still functioning today",NA
"Pectinodon bakkeri","Dr. Robert T. Bakker",NA,"constributions to the study of dinosaurs",NA
"Hulsanpes perlei",NA,NA,NA,NA
"Goyocephale lattimorei","Prof. Owen Lattimore",NA,"""the eminent American mongolist"" (NB spelt in text Oven Lattimore)",NA
"Barsboldia sicinskii","Mr. Wojciech Sichinski",NA,"Technical assistant at the Institute of Paleobiology, Warsaw",NA
"Enantiornis leali","J. C. Leal",NA,"discovered the locality and helped with material collection",NA
"Muttaburrasaurus langdoni","Mr. D. Langdon",NA,"Lives in Muttaburra, discovered, and reported the specimen",NA
"Erlikosaurus andrewsi","Roy Chapman Andrews",NA,"""Leader of the American-Asiatic expeditions 1922-1930""",NA
"Dracopelta zbyszewskii","Georges Zbyszewski",NA,"Worked for a long time and settled in Portugal. Lived in Russia until WWII. Name misspelt in the etymology section but correctly in the species name.",NA
"Torvosaurus tanneri","N. Eldon Tanner",NA,"leader of The Church of Jesus Christ of Latter-day Saints",NA
"Secernosaurus koerneri","Dr Harold E. Koerner",NA,"specific name after Dr Harold E. Koerner, professor emeritus, University of Colorado",NA
"Patagosaurus fariasi","Ricardo Farias",NA,"Owner of the land on which the discovery was made",NA
"Saurornitholestes langstoni","Dr. Wann Langston Jr.",NA,"for contributions to Canadian paleontology and support of the authors work",NA
"Tarchia kielanae","Zofia Kielan-Jaworowska",NA,"""in recognition of her work on Mongolian vertebrates""",NA
"Opisthocoelicaudia skarzynskii","Mr Wojciech Skarzynski",NA,"""who prepared the specimen""",NA
"Thescelosaurus garbanii","Harli Garbani",NA,"Discoverer of the specimen",NA
"Elongatoolithus andrewsi",NA,NA,"Thought to be the eggs of Protoceratops andrewsi so used the same species name",NA
"Bagaceratops rozhdestvenskyi","A.K. Rozhdestvensky",NA,"""in recognition of his work on dinosaurs""",NA
"Barapasaurus tagorei","Rabindranath Tagore",NA,"The excavation occurred in the centenary of Tagore's birth",NA
"Tylocephale gilmorei","Charles Whitney Gilmore",NA,"""who first gave a detailed description of a pachycephalosaurid skeleton""",NA
"Thotobolosaurus mabeatae","Beata's Mother",NA,"The site was a rubbish heap known as ""Beata's Mother's Rubbish Heap"" in Sesotho.",NA
"Staurikosaurus pricei","Llewellyn Ivor Price",NA,"One of the first Brazilian paleontologists, led the expedition in 1936 that discovered the specimen, was professor at Harvard",NA
"Pisanosaurus mertii","Carlos Merti",NA,"Named after the araqueñan naturalist Carlos Merti",NA
"Megalosaurus bucklandii","William Buckland",NA,"Noted palaeontologist",NA
"Lonchodytes estesi","Richard Estes",NA,"Noted palaeontologist",NA
"Gallornis straeleni","Victor van Straelen",NA,"Director of the MRHNB in Brussels",NA
"Torotix clemensi","William Clemens",NA,"Noted palaeontologist",NA
"Heterodontosaurus tucki","George Charles Tuck",NA,"Managing director of the Austin Motor Co of South Africa, who afforded ""generous help to the Expedition""",NA
"Silvisaurus condrayi","Mr Warren H. Condray",NA,"Farmer on whose land the fossil was found",NA
"Spinostropheus gautieri","Mr Francis Gautier",NA,"Discoverer of the site, a geologist for a petroleum company",NA
"Dilophosaurus wetherilli","John Wetherill",NA,"John Wetherill of Kayenta, explorer, friend of scientists, and trusted trader and counseler to the Navaho, whose Nephew, Milton, first told us of the specimen",NA
"Riabininohadros weberae","G.F. Weber",NA,"Discovered the specimen in 1934. Originally described as 'weberi', but Nessov (1995) emended it to reflect that she was female.",NA
"Colepiocephale lambei","Lawrence Lambe",NA,"no etymology, but Lambe is the author of the Genus",NA
"Sanpasaurus yaoi","H.H. Yao",NA,"Discovered the specimen as part of field party led by T.K. Huang in 1939. ""Mr H.H. Yao of the National Geological Survey of China"".",NA
"Hanssuesia sternbergi","Charles Mottram Sternberg",NA,"Discoverer of the type, and palaeontologist in the GSC",NA
"Anatotitan copei","Edward Drinker Cope",NA,"Described the holotype specimen before it was separated into a new species",NA
"Caenagnathus collinsi","Dr. William Henry Collins",NA,"The specific name is given in  honor of the late Dr. W. H. Collins, for many years director of the Geological Survey of Canada",NA
"Chasmosaurus russelli","Dr. Loris Shano Russell",NA,"Named in honor of Dr. L. S. Russell, who collected the holotype.",NA
"Yunnanosaurus huangi","T.K. Huang",NA,"Geologist and leader of many field expeditions",NA
"Lufengosaurus huenei","Friedrich von Huene",NA,"German paleontologist known for his dinosaur work",NA
"Niobrarasaurus coleii","Virgil Cole",NA,"Geologist who collected the remains",NA
"Segisaurus halli","Ansel Franklin Hall",NA,"Chief of the National Park Service Field Division, first mentioned the find, but did not find it.",NA
"Liliensternus liliensterni","Hugo Rühle von Lilienstern",NA,"Count and amateur palaeontologist (also discoverer of specimen)",NA
"Austrosaurus mckillopi","Dr. M. J. McKillop",NA,"sent the smaples to the author",NA
"Indosaurus matleyi","Charles Matley",NA,"British geologist based in India",NA
"Pinacosaurus grangeri","Dr Walter Granger",NA,"American vertebrate palaeontologist, discovered the specimens and let Gilmore work on them.",NA
"Bactrosaurus johnsoni","Albert F. Johnson",NA,"Paleontologist at the AMNH who had worked with Barnum Brown. Joined the 1923 expedition to the Central Asiatic Expeditions",NA
"Alectrosaurus olseni","George Olsen",NA,"Assistant in paleontology, worked on the Central Asiatic Expeditions from 1923-25. Discovered the specimen",NA
"Erectopus sauvagei","Henri Emile Sauvage",NA,"Described Erectopus superbus",NA
"Neogaeornis wetzeli","W. Wetzel",NA,"Discoverer of specimen",NA
"Euhelopus zdanskyi","Otto Zdansky",NA,"Student assistant to Andersson, a colleague of Wiman, and excavated the fossil",NA
"Anodontosaurus lambei","Lawrence Morris Lambe",NA,"Palaeontologist at the GSC",NA
"Malawisaurus dixeyi","Dr. Sir Frank Dixey",NA,"Geologist who became the director of the Geological Survey in Nyasaland",NA
"Scolosaurus cutleri","William E. Cutler",NA,"Discoverer of the specimen. NB, on excavating it, it seriously injured him by falling on him.",NA
"Antarctosaurus wichmannianus","Richardo Wichmann",NA,"Geologist who discovered the bones on the Rio Negro",NA
"Parksosaurus warreni","Mrs. H.D. Warren",NA,"Funded the research, and was on the Board of Trustees for the ROM for 40 years. The specific ending is incorrectly male.",NA
"Rhoetosaurus brownei","Mr A.J. Browne",NA,"Manager of Durham Downs Station, who packed up and sent the specimen to Queensland Museum",NA
"Melanorosaurus readi","Mr B Read",NA,"""Former Principal of the Bensonvale Training School, of whose kindness, display of interest, and hospitality I have a lively recollection""",NA
"Plateosauravus cullingworthi","Mr C.W. Cullingworth",NA,"""To whose energy some of the finds are due""",NA
"Protoceratops andrewsi","Roy Chapman Andrews",NA,"""in recognition of his splendid qualities as the organizer and leader of the American Museum Third Asiatic Expedition""",NA
"Pentaceratops sternbergii","Charles H. Sternberg",NA,"Discovered the type specimen",NA
"Metriacanthosaurus parkeri","W. Parker",NA,"Discoverer of the specimen",NA
"Parasaurolophus walkeri","Byron Edmund Walker",NA,"Banker, and Chair of Trustees of the Royal Ontario Museum",NA
"Amanzia greppini","Jean-Baptiste Greppin",NA,"Discoverer of the specimen",NA
"Sarcosaurus woodi","Mr S.L. Wood",NA,"Discoverer of the specimen",NA
"Elaphrosaurus bambergi","Paul Adolf Bamberg",NA,"""The factory owner Paul Bamberg of Berlin"". Bamberg was an enthusiastic member of scientific societies",NA
"Dysalotosaurus lettowvorbecki","Paul Emil von Lettow-Vorbeck",NA,"German commander in Tanganyika (now Tanzania) during WWI. He led a guerrilla campaign against British East Africa. Largely commanded local soldiers, and his actions stored food to feed his march, starving nearby villages, and against the objections of the colonial authority who preferred to maintain peace.",NA
"Apatosaurus louisae","Louise Carnegie",NA,"NB first name, not surname.",NA
"Kangnasaurus coetzeei","Mr Coetzee",NA,"Owner of Kangnas Farm",NA
"Dicraeosaurus hansemanni","David Paul von Hansemann",NA,"Noted pathologist who was involved in organising the Tendaguru expedition",NA
"Dicraeosaurus sattleri","W.B. Sattler",NA,"Discoverer of the Tendaguru site while prospecting in Tanzania.",NA
"Giraffatitan brancai","Wilhelm von Branca",NA,"Palaeontologist, then very senior at the Museum fur Naturkunde",NA
"Elopteryx nopcsai","Franz Nopcsa",NA,"Discovered specimen. Note on nationality. Nopcsa was Hungarian, but he was born in what is now Romania, and it was all part of Austro-Hungary.",NA
"Saurolophus osborni","Henry Fairfield Osborn",NA,"American palaeontologist at the AMNH",NA
"Proceratosaurus bradleyi","F. Lewis Bradley",NA,"Discoverer and preparator of the specimen",NA
"Plateosaurus elizae","Elisa Thiery",NA,"Discoverer of specimen",NA
"Gresslyosaurus plieningeri","Theodor Plieninger",NA,"First person to mention that there were fossils at Degerloch; originally Kingdom of Wurttemberg (German Confederation)",NA
"Ornitholestes hermanni","Adam Hermann",NA,"Preparator of the specimen and in honour of his ""many services to vertebrate paleontology""",NA
"Chasmosaurus belli","Robert Bell",NA,"Administrative head of the Geological Survey of Canada",NA
"Diplodocus carnegii","Andrew Carnegie",NA,"""The founder of this institution, and in recognition of his interest in vertebrate paleontology, which interest he has abundantly and substantially shown in providing the necessary funds for organising and maintaining a Section of Vertebrate Paleontology in connection with this Museum""",NA
"Hoplitosaurus marshi","Othniel Charles Marsh",NA,"Derivation not given in the paper, but is has been widely agreed to be for Marsh",NA
"Sarcolestes leedsi","Alfred Nicholson Leeds",NA,"Discoverer of the specimen",NA
"Lexovisaurus phillipsi","John Phillips",NA,"Noted geologist",NA
"Hypselospinus fittoni","William Henry Fitton",NA,"""Well known in his labours in connection with the Lower Cretaceous of England""",NA
"Barilium dawsoni","Charles Dawson",NA,"Discoverer of the specimen, also the person who later did the Piltdown Man hoax.",NA
"Ornithopsis leedsii","Alfred Nicholson Leeds",NA,"Amateur palaeontologist who had collected the specimen",NA
"Coelophysis bauri","George Baur",NA,"Dedicated to Dr. George Baur, the distinguished comparative anatomist of New Haven.",NA
"Cumnoria prestwichii","Sir Joseph Prestwich",NA,"""Mr Prestwich has kindly given me an opportunity of studying""",NA
"Titanosaurus blanfordi","William Thomas Blanford",NA,"Discoverer of the specimen",NA
"Rhabdodon suessii","Eduard Suess",NA,"Professor of Palaeontology at Vienna",NA
"Hypsilophodon foxii","Rev. William Fox",NA,"Discoverer of specimen",NA
"Laornis edvardsianus","Alphonse Milne-Edwards",NA,"Fossil bird expert",NA
"Ornithopsis hulkei","John Hulke",NA,"Friend of Seeley otherwise not associated with fossil",NA
"Enaliornis sedgwicki","Adam Sedgwick",NA,"Seeley's boss at Cambridge",NA
"Polacanthus foxii","Rev. William Fox",NA,"Discoverer (see further notes at the end)",NA
"Echinodon becklesii","Samuel Husbands Beckles",NA,"Beckles discovered the specimen",NA
"Scelidosaurus harrisonii","James Harrison Esq of Charmouth",NA,"James Harrison owned the quarry but did not discover the specimen.",NA
"Hadrosaurus foulkii","W. Parker Foulke",NA,"Discoverer of the species, citation is ""than whom none of our number is more zealous in the advancement of the great objects of this Academy""",NA
"Haestasaurus becklesii","Samuel Husbands Beckles",NA,"Mr. Beckles discovered the specimen",NA
"Pelorosaurus conybeari","William Conybeare",NA,"Spelling of 'Conybeare' incorrect but takes priority over later 'conybearei'",NA
"Poekilopleuron bucklandii","William Buckland",NA,"Discoverer of material",NA
"Plateosaurus engelhardti","Dr Johann Friedrich Engelhardt",NA,"Discoverer of first specimen",NA
"Iguanodon mantelli","Gideon Mantell",NA,"Discoverer of first material of Iguanodon",NA
"Avisaurus gloriae","Gloria Siebrecht",NA,"""contributed countless volunteer hours to the MOR both in the field and in the preparation of specimens and whose keen eye discovered this specimen""",NA
"Baptornis varneri","Daniel Varner",NA,"""who found the specimen, and for his notable contributions to paleontology in the form of artistic renderings of extinct vertebrates.""",NA
"Cathetosaurus lewisi","Mr. Arnold D. Lewis",NA,"Specific name lewisi, honoring Mr. Arnold D. Lewis, stout Earth Sciences Museum. companion of the trail, who patiently trained me in laboratory and field work.",NA
"Stokesosaurus langhami","Peter Langham",NA,"In honor of Mr. Peter Langham of Bridport, Dorset who collected the specimen",NA
"Ischisaurus cattoi","Noemí V. Cattoi",NA,NA,NA
"Magnosaurus woodwardi","Arthur Smith Woodward",NA,"Original describer of the material",NA
"Ornatotholus browni","Barnum Brown",NA,"collector of the fossil",NA
"Pachycephalosaurus reinheimeri","Mr. Philip Reinheimer",NA,"collected the fossil",NA
"Augustynolophus morrisi","William J Morris",NA,"Paleontologist, ""in honour of his recognition of his substantial contribution to our understanding of hadrosaurid dinosaurs"" of the region",NA
"Amphicoelias emilieae","Emilie deHellebranth",NA,"In honor of the late Emilie deHellebranth, paleontology advocate who generously funded the expeditions in 1999–2000 that recovered the specimen.",NA
"Menefeeceratops sealeyi","Paul Sealey",NA,"discovered the type specimen",NA
"Ninjatitan zapatai","Rogelio Zapata",NA,"""the specific name comes from technician Rogelio Zapata""",NA
"Dzharatitanis kingi","Dr Christopher King",NA,"""In memory of our colleague and friend Christopher King (1943-2015) who did much work on the geology of Cretaceous strata in Central Asia""",NA
"Spectrovenator ragei","Jean-Claude Rage",NA,"""The specific epithet ‘ragei’ is a patronym honour-ing Dr Jean-Claude Rage for his influential contribution to our knowledge on the Paleobiogeography of continental Mesozoic vertebrates""",NA
"Dryosaurus elderae","Ann Elder",NA,"the species name honors the late Ann Elder, a National Park Service paleontologist and geologist who worked at Dinosaur National Monument.",NA
"Nicksaurus razashahi","M. Raza Shah",NA,"Ex-Deputy Director General of Geological Survey of Pakistan",NA
"Sanpasaurus yaoi","H.H. Yao",NA,"Mr HH Yao of the National Geological Survey of China, unearthed the remains",NA
"Velocipes guerichi","Georg Julius Ernst Gürich",NA,"Listed as ""named for the finder"". Gürich was a palaeontologist from Guttentag (the correct name for the town now called Dobrodzien)",NA
"Coelurus horneri","Dr. A.C. Horner",NA,"From Tonbridge, ""obtained"" the specimen and gave it to Seeley.",NA
